<?xml version="1.0" encoding="UTF-8"?>
    <addon id="repository.BDNTV" name="BDN TV" version="0.1.0" provider-name="BDN Canada">
        <requires>
            <import addon="xbmc.addon" version="12.0.0"/>
        </requires>
        <extension point="xbmc.addon.repository" name="BDN TV">
            <info compressed="false">https://raw.githubusercontent.com/bdntv/bdntv/_zips/addons.xml</info>
            <checksum>https://raw.githubusercontent.com/bdntv/bdntv/_zips/addons.xml.md5</checksum>
            <datadir zip="true">https://raw.githubusercontent.com/bdntv/bdntv/_zips/</datadir>
            <hashes>false</hashes>
        </extension>
        <extension point="xbmc.addon.metadata">
            <summary>BDN Canada Addons</summary>
            <description>BDN Canada Addons.[CR]Install for updates</description>
            <platform>all</platform>
    </extension>
</addon>