<?xml version="1.0" encoding="UTF-8" standalone="yes"?>
<addon id="script.bdntv" name="BDN TV" version="1.0.0" provider-name="bdncanada">
    <requires>
        <import addon="xbmc.python" version="2.1.0"/>
        <import addon="script.module.simplejson" version="2.0.10"/>
        <import addon="script.module.buggalo" version="1.1.2"/>
    </requires>
    <extension point="xbmc.python.script" library="addon.py"/>
    <extension point="xbmc.service" library="service.py" start="login" />
    <extension point="xbmc.addon.metadata">
        <summary lang="en_US">TV Guide with XMLTV and streaming support</summary>
        <description lang="en_US">BDN TV Guide</description>
        <language></language>
        <platform>all</platform>
        <license>GPLv2</license>
        <forum>http://</forum>
        <website>http://</website>
        <email></email>
        <source>https://</source>
    </extension>
</addon>
