<?xml version="1.0" encoding="UTF-8" standalone="yes"?>
<addon id="plugin.program.bdnrestore" name="BDN Restore" version="1.0.0" provider-name="BDN Canada">
  <requires>
	<import addon="xbmc.python" version="2.1.0"/>
    <import addon="script.module.addon.common" />
  </requires>
  <extension point="xbmc.python.pluginsource" library="default.py">
        <provides>executable</provides>
  </extension>
  <extension point="xbmc.addon.metadata">
    <summary lang="en">BDN Restore</summary>
	<description>Restore your Kodi to BDN IMG</description>
    <platform>all</platform>
  </extension>
</addon>