<?xml version="1.0" encoding="UTF-8" standalone="yes"?>
<addon id="plugin.video.freshstart" name="Fresh Start"
	version="1.0.5" provider-name="tvaddons.ag">
  <requires>
    <import addon="xbmc.python" version="2.1.0"/>
  </requires>
  <extension point="xbmc.python.pluginsource" library="default.py">
    <provides>executable</provides>
  </extension>
  <extension point="xbmc.addon.metadata">
    <summary lang="en">Factory Reset</summary>
    <description lang="en">Easily Factory Restore your Kodi Configuration in One Simple Click! This tool will bring your Kodi back to its original installation state, deleting all customizations and add-ons you may have previously enabled, giving you a fresh start!</description>
    <platform>all</platform>
    <website>http://www.jetstreambox.com/</website>
  </extension>
</addon>
